{"cameraMode":{"drawMode":0,"name":"Shaded","section":"Shading Mode"},"sceneLighting":true,"audioPlay":false,"sceneViewState":{"m_AlwaysRefresh":false,"showFog":true,"showSkybox":true,"showFlares":true,"showImageEffects":true,"showParticleSystems":true,"showVisualEffectGraphs":true,"m_FxEnabled":true},"in2DMode":false,"pivot":{"x":3.9901628494262697,"y":-4.075368881225586,"z":12.752866744995118},"rotation":{"x":0.23581382632255555,"y":-0.27335286140441897,"z":0.06931415945291519,"w":0.9300236701965332},"size":10.046002388000489,"orthographic":false}